{"count":1,"self":2925.2253696,"total":20582.0480469,"children":{"InitializeActuators":{"count":2,"self":0.0017475,"total":0.0017475,"children":null},"InitializeSensors":{"count":2,"self":0.0012012,"total":0.0012012,"children":null},"AgentSendState":{"count":4477885,"self":50.0239872,"total":247.61052809999998,"children":{"CollectObservations":{"count":8955770,"self":45.3410752,"total":45.3410752,"children":null},"WriteActionMask":{"count":8955770,"self":11.1358672,"total":11.1358669,"children":null},"RequestDecision":{"count":8955770,"self":35.572147199999996,"total":141.10959739999998,"children":{"AgentInfo.ToProto":{"count":8955770,"self":30.3195616,"total":105.53745149999999,"children":{"GenerateSensorData":{"count":8955770,"self":75.217888,"total":75.2178911,"children":null}}}}}}},"DecideAction":{"count":4477885,"self":17224.9759744,"total":17224.9767427,"children":null},"AgentAct":{"count":4477885,"self":182.876736,"total":184.23251019999998,"children":{"AgentInfo.ToProto":{"count":100232,"self":0.3876756,"total":1.3557747999999998,"children":{"GenerateSensorData":{"count":100232,"self":0.96809919999999994,"total":0.96809919999999994,"children":null}}}}}},"gauges":{"CheckersAI.CumulativeReward":{"count":100232,"max":182.101,"min":0.600000262,"runningAverage":21.4670639,"value":9.299999,"weightedAverage":19.6230812}},"metadata":{"timer_format_version":"0.1.0","start_time_seconds":"1741057595","unity_version":"6000.0.33f1","command_line_arguments":"C:\\Program Files\\Unity\\Hub\\Editor\\6000.0.33f1\\Editor\\Unity.exe -projectpath D:\\Nerd\\Code\\C#\\MSSA\\Midterm\\Checkers -useHub -hubIPC -cloudEnvironment production","communication_protocol_version":"1.5.0","com.unity.ml-agents_version":"3.0.0","scene_name":"CheckersGameAI","end_time_seconds":"1741078177"}}